original,target
HMTEVVRHC,AMTEVVRHC
HMTEVVRHC,CMTEVVRHC
HMTEVVRHC,DMTEVVRHC
HMTEVVRHC,EMTEVVRHC
HMTEVVRHC,FMTEVVRHC
HMTEVVRHC,GMTEVVRHC
HMTEVVRHC,IMTEVVRHC
HMTEVVRHC,KMTEVVRHC
HMTEVVRHC,LMTEVVRHC
HMTEVVRHC,MMTEVVRHC
HMTEVVRHC,NMTEVVRHC
HMTEVVRHC,PMTEVVRHC
HMTEVVRHC,QMTEVVRHC
HMTEVVRHC,RMTEVVRHC
HMTEVVRHC,SMTEVVRHC
HMTEVVRHC,TMTEVVRHC
HMTEVVRHC,VMTEVVRHC
HMTEVVRHC,WMTEVVRHC
HMTEVVRHC,YMTEVVRHC
HMTEVVRHC,HATEVVRHC
HMTEVVRHC,HCTEVVRHC
HMTEVVRHC,HDTEVVRHC
HMTEVVRHC,HETEVVRHC
HMTEVVRHC,HFTEVVRHC
HMTEVVRHC,HGTEVVRHC
HMTEVVRHC,HHTEVVRHC
HMTEVVRHC,HITEVVRHC
HMTEVVRHC,HKTEVVRHC
HMTEVVRHC,HLTEVVRHC
HMTEVVRHC,HNTEVVRHC
HMTEVVRHC,HPTEVVRHC
HMTEVVRHC,HQTEVVRHC
HMTEVVRHC,HRTEVVRHC
HMTEVVRHC,HSTEVVRHC
HMTEVVRHC,HTTEVVRHC
HMTEVVRHC,HVTEVVRHC
HMTEVVRHC,HWTEVVRHC
HMTEVVRHC,HYTEVVRHC
HMTEVVRHC,HMAEVVRHC
HMTEVVRHC,HMCEVVRHC
HMTEVVRHC,HMDEVVRHC
HMTEVVRHC,HMEEVVRHC
HMTEVVRHC,HMFEVVRHC
HMTEVVRHC,HMGEVVRHC
HMTEVVRHC,HMHEVVRHC
HMTEVVRHC,HMIEVVRHC
HMTEVVRHC,HMKEVVRHC
HMTEVVRHC,HMLEVVRHC
HMTEVVRHC,HMMEVVRHC
HMTEVVRHC,HMNEVVRHC
HMTEVVRHC,HMPEVVRHC
HMTEVVRHC,HMQEVVRHC
HMTEVVRHC,HMREVVRHC
HMTEVVRHC,HMSEVVRHC
HMTEVVRHC,HMVEVVRHC
HMTEVVRHC,HMWEVVRHC
HMTEVVRHC,HMYEVVRHC
HMTEVVRHC,HMTAVVRHC
HMTEVVRHC,HMTCVVRHC
HMTEVVRHC,HMTDVVRHC
HMTEVVRHC,HMTFVVRHC
HMTEVVRHC,HMTGVVRHC
HMTEVVRHC,HMTHVVRHC
HMTEVVRHC,HMTIVVRHC
HMTEVVRHC,HMTKVVRHC
HMTEVVRHC,HMTLVVRHC
HMTEVVRHC,HMTMVVRHC
HMTEVVRHC,HMTNVVRHC
HMTEVVRHC,HMTPVVRHC
HMTEVVRHC,HMTQVVRHC
HMTEVVRHC,HMTRVVRHC
HMTEVVRHC,HMTSVVRHC
HMTEVVRHC,HMTTVVRHC
HMTEVVRHC,HMTVVVRHC
HMTEVVRHC,HMTWVVRHC
HMTEVVRHC,HMTYVVRHC
HMTEVVRHC,HMTEAVRHC
HMTEVVRHC,HMTECVRHC
HMTEVVRHC,HMTEDVRHC
HMTEVVRHC,HMTEEVRHC
HMTEVVRHC,HMTEFVRHC
HMTEVVRHC,HMTEGVRHC
HMTEVVRHC,HMTEHVRHC
HMTEVVRHC,HMTEIVRHC
HMTEVVRHC,HMTEKVRHC
HMTEVVRHC,HMTELVRHC
HMTEVVRHC,HMTEMVRHC
HMTEVVRHC,HMTENVRHC
HMTEVVRHC,HMTEPVRHC
HMTEVVRHC,HMTEQVRHC
HMTEVVRHC,HMTERVRHC
HMTEVVRHC,HMTESVRHC
HMTEVVRHC,HMTETVRHC
HMTEVVRHC,HMTEWVRHC
HMTEVVRHC,HMTEYVRHC
HMTEVVRHC,HMTEVARHC
HMTEVVRHC,HMTEVCRHC
HMTEVVRHC,HMTEVDRHC
HMTEVVRHC,HMTEVERHC
HMTEVVRHC,HMTEVFRHC
HMTEVVRHC,HMTEVGRHC
HMTEVVRHC,HMTEVHRHC
HMTEVVRHC,HMTEVIRHC
HMTEVVRHC,HMTEVKRHC
HMTEVVRHC,HMTEVLRHC
HMTEVVRHC,HMTEVMRHC
HMTEVVRHC,HMTEVNRHC
HMTEVVRHC,HMTEVPRHC
HMTEVVRHC,HMTEVQRHC
HMTEVVRHC,HMTEVRRHC
HMTEVVRHC,HMTEVSRHC
HMTEVVRHC,HMTEVTRHC
HMTEVVRHC,HMTEVWRHC
HMTEVVRHC,HMTEVYRHC
HMTEVVRHC,HMTEVVAHC
HMTEVVRHC,HMTEVVCHC
HMTEVVRHC,HMTEVVDHC
HMTEVVRHC,HMTEVVEHC
HMTEVVRHC,HMTEVVFHC
HMTEVVRHC,HMTEVVGHC
HMTEVVRHC,HMTEVVHHC
HMTEVVRHC,HMTEVVIHC
HMTEVVRHC,HMTEVVKHC
HMTEVVRHC,HMTEVVLHC
HMTEVVRHC,HMTEVVMHC
HMTEVVRHC,HMTEVVNHC
HMTEVVRHC,HMTEVVPHC
HMTEVVRHC,HMTEVVQHC
HMTEVVRHC,HMTEVVSHC
HMTEVVRHC,HMTEVVTHC
HMTEVVRHC,HMTEVVVHC
HMTEVVRHC,HMTEVVWHC
HMTEVVRHC,HMTEVVYHC
HMTEVVRHC,HMTEVVRAC
HMTEVVRHC,HMTEVVRCC
HMTEVVRHC,HMTEVVRDC
HMTEVVRHC,HMTEVVREC
HMTEVVRHC,HMTEVVRFC
HMTEVVRHC,HMTEVVRGC
HMTEVVRHC,HMTEVVRIC
HMTEVVRHC,HMTEVVRKC
HMTEVVRHC,HMTEVVRLC
HMTEVVRHC,HMTEVVRMC
HMTEVVRHC,HMTEVVRNC
HMTEVVRHC,HMTEVVRPC
HMTEVVRHC,HMTEVVRQC
HMTEVVRHC,HMTEVVRRC
HMTEVVRHC,HMTEVVRSC
HMTEVVRHC,HMTEVVRTC
HMTEVVRHC,HMTEVVRVC
HMTEVVRHC,HMTEVVRWC
HMTEVVRHC,HMTEVVRYC
HMTEVVRHC,HMTEVVRHA
HMTEVVRHC,HMTEVVRHD
HMTEVVRHC,HMTEVVRHE
HMTEVVRHC,HMTEVVRHF
HMTEVVRHC,HMTEVVRHG
HMTEVVRHC,HMTEVVRHH
HMTEVVRHC,HMTEVVRHI
HMTEVVRHC,HMTEVVRHK
HMTEVVRHC,HMTEVVRHL
HMTEVVRHC,HMTEVVRHM
HMTEVVRHC,HMTEVVRHN
HMTEVVRHC,HMTEVVRHP
HMTEVVRHC,HMTEVVRHQ
HMTEVVRHC,HMTEVVRHR
HMTEVVRHC,HMTEVVRHS
HMTEVVRHC,HMTEVVRHT
HMTEVVRHC,HMTEVVRHV
HMTEVVRHC,HMTEVVRHW
HMTEVVRHC,HMTEVVRHY
